2026-05-18_17-01-49,0,draft.go:2026-05-18_17-01-49
2026-05-18_17-02-27,0,draft.go:2026-05-18_17-02-27
2026-05-20_11-58-17,0,draft.go:2026-05-20_11-58-17
2026-05-20_11-58-37,0,draft.go:2026-05-20_11-58-17
2026-05-20_11-58-50,0,draft.go:2026-05-20_11-58-17
2026-05-20_12-00-40,0,draft.go:2026-05-20_11-58-17
2026-05-20_12-01-07,0,draft.go:2026-05-20_11-58-17
2026-05-20_12-02-03,0,draft.go:2026-05-20_11-58-17
2026-05-20_12-04-24,---,draft.go:2026-05-20_11-58-17
2026-05-20_12-04-34,0,draft.go:2026-05-20_11-58-17
2026-05-20_12-04-46,0,draft.go:2026-05-20_11-58-17
2026-05-20_12-04-50,0,draft.go:2026-05-20_11-58-17
2026-05-20_12-04-51,0,draft.go:2026-05-20_11-58-17
2026-05-20_12-07-34,0,draft.go:2026-05-20_11-58-17
2026-05-20_12-07-34,0,draft.go:2026-05-20_11-58-17
2026-05-20_12-08-29,0,draft.go:2026-05-20_11-58-17
2026-05-20_12-17-36,---,draft.go:2026-05-20_11-58-17
2026-05-20_12-28-39,0,draft.go:2026-05-20_12-28-39
2026-05-20_12-31-38,0,draft.go:2026-05-20_12-31-38
2026-05-20_12-31-39,0,draft.go:2026-05-20_12-31-38
2026-05-20_12-31-45,0,draft.go:2026-05-20_12-31-45
2026-05-20_12-33-37,0,draft.go:2026-05-20_12-33-37
2026-05-20_12-33-39,0,draft.go:2026-05-20_12-33-37
2026-05-20_12-36-29,0,draft.go:2026-05-20_12-36-29
2026-05-20_12-37-16,0,draft.go:2026-05-20_12-37-16
2026-05-20_12-43-20,0,draft.go:2026-05-20_12-43-20
2026-05-20_12-49-52,0,draft.go:2026-05-20_12-49-52
2026-05-20_12-50-06,0,draft.go:2026-05-20_12-50-06
2026-05-20_12-53-32,0,draft.go:2026-05-20_12-53-32
2026-05-20_12-54-11,0,draft.go:2026-05-20_12-54-11
2026-05-20_12-54-30,0,draft.go:2026-05-20_12-54-30
2026-05-20_12-56-36,0,draft.go:2026-05-20_12-56-36
2026-05-20_12-57-04,0,draft.go:2026-05-20_12-57-04
2026-05-20_12-59-04,0,draft.go:2026-05-20_12-59-04
2026-05-20_13-00-57,0,draft.go:2026-05-20_13-00-57
2026-05-20_13-02-46,0,draft.go:2026-05-20_13-02-46
2026-05-20_13-04-12,0,draft.go:2026-05-20_13-04-12
2026-05-20_13-06-27,0,draft.go:2026-05-20_13-06-27
2026-05-20_13-16-24,0,draft.go:2026-05-20_13-16-24
2026-05-20_13-17-09,60,draft.go:2026-05-20_13-17-09
2026-05-20_13-18-22,60,draft.go:2026-05-20_13-18-22
2026-05-20_13-18-53,60,draft.go:2026-05-20_13-18-53
2026-05-20_13-20-02,0,draft.go:2026-05-20_13-20-02
2026-05-20_13-20-50,80,draft.go:2026-05-20_13-20-50
2026-05-20_13-22-17,60,draft.go:2026-05-20_13-22-17
2026-05-20_13-26-11,60,draft.go:2026-05-20_13-26-11
2026-05-20_13-26-17,60,draft.go:2026-05-20_13-26-11
2026-05-20_13-26-23,60,draft.go:2026-05-20_13-26-23
2026-05-20_13-30-08,0,draft.go:2026-05-20_13-30-08
2026-05-20_13-30-22,0,draft.go:2026-05-20_13-30-22
2026-05-20_13-31-04,0,draft.go:2026-05-20_13-31-04
2026-05-20_13-37-04,0,draft.go:2026-05-20_13-37-04
2026-05-20_13-41-53,0,draft.go:2026-05-20_13-41-53
2026-05-20_13-42-04,100,draft.go:2026-05-20_13-42-04
2026-05-23_17-32-40,100,draft.go:2026-05-20_13-42-04
