2026-03-17_17-20-10,0,draft.go:2026-03-17_17-20-10
2026-03-18_13-13-02,100,draft.go:2026-03-18_13-13-02
2026-03-18_13-13-13,100,draft.go:2026-03-18_13-13-02
2026-03-18_13-13-15,100,draft.go:2026-03-18_13-13-02
2026-03-18_13-13-18,100,draft.go:2026-03-18_13-13-02
2026-03-18_13-13-19,100,draft.go:2026-03-18_13-13-02
2026-03-18_13-13-40,100,draft.go:2026-03-18_13-13-02
2026-03-18_13-13-41,100,draft.go:2026-03-18_13-13-02
2026-03-18_13-13-41,100,draft.go:2026-03-18_13-13-02
2026-03-18_13-13-42,100,draft.go:2026-03-18_13-13-02
2026-03-18_13-13-42,100,draft.go:2026-03-18_13-13-02
2026-03-18_13-13-43,100,draft.go:2026-03-18_13-13-02
2026-03-18_13-13-43,100,draft.go:2026-03-18_13-13-02
2026-03-18_13-13-43,100,draft.go:2026-03-18_13-13-02
2026-03-18_13-13-44,100,draft.go:2026-03-18_13-13-02
2026-03-18_13-13-44,100,draft.go:2026-03-18_13-13-02
2026-03-18_13-13-45,100,draft.go:2026-03-18_13-13-02
2026-03-18_13-13-45,100,draft.go:2026-03-18_13-13-02
2026-03-18_13-13-45,100,draft.go:2026-03-18_13-13-02
2026-03-18_13-13-46,100,draft.go:2026-03-18_13-13-02
2026-03-18_13-13-46,100,draft.go:2026-03-18_13-13-02
2026-03-18_13-13-46,100,draft.go:2026-03-18_13-13-02
2026-03-18_13-13-47,100,draft.go:2026-03-18_13-13-02
2026-03-18_13-13-47,100,draft.go:2026-03-18_13-13-02
2026-03-18_13-13-48,100,draft.go:2026-03-18_13-13-02
2026-03-18_13-13-48,100,draft.go:2026-03-18_13-13-02
2026-03-18_13-13-48,100,draft.go:2026-03-18_13-13-02
2026-03-18_13-13-49,100,draft.go:2026-03-18_13-13-02
2026-03-18_13-13-49,100,draft.go:2026-03-18_13-13-02
2026-03-18_13-13-49,100,draft.go:2026-03-18_13-13-02
2026-03-18_13-13-50,100,draft.go:2026-03-18_13-13-02
2026-03-18_13-13-50,---,draft.go:2026-03-18_13-13-02
2026-03-18_13-21-16,100,draft.go:2026-03-18_13-21-16
2026-03-18_13-21-18,100,draft.go:2026-03-18_13-21-16
2026-03-18_13-21-19,100,draft.go:2026-03-18_13-21-16
2026-03-18_13-21-19,100,draft.go:2026-03-18_13-21-16
2026-03-18_13-21-20,100,draft.go:2026-03-18_13-21-16
2026-03-18_13-21-20,100,draft.go:2026-03-18_13-21-16
2026-03-18_13-21-20,100,draft.go:2026-03-18_13-21-16
2026-03-18_13-21-21,100,draft.go:2026-03-18_13-21-16
2026-03-18_13-21-22,100,draft.go:2026-03-18_13-21-16
2026-03-18_13-21-22,100,draft.go:2026-03-18_13-21-16
2026-03-18_13-21-22,100,draft.go:2026-03-18_13-21-16
2026-03-18_13-21-23,100,draft.go:2026-03-18_13-21-16
2026-03-18_13-21-23,100,draft.go:2026-03-18_13-21-16
2026-03-18_13-21-23,100,draft.go:2026-03-18_13-21-16
2026-03-18_13-21-24,100,draft.go:2026-03-18_13-21-16
2026-03-18_13-21-30,100,draft.go:2026-03-18_13-21-16
2026-03-18_13-21-32,100,draft.go:2026-03-18_13-21-16
2026-03-18_13-21-39,---,draft.go:2026-03-18_13-21-16
2026-03-18_13-22-26,---,draft.go:2026-03-18_13-21-16
2026-03-18_13-23-20,100,draft.go:2026-03-18_13-21-16
2026-03-18_13-23-23,100,draft.go:2026-03-18_13-21-16
2026-03-18_13-24-33,100,draft.go:2026-03-18_13-21-16
2026-03-18_13-24-35,100,draft.go:2026-03-18_13-21-16
2026-03-18_13-24-36,100,draft.go:2026-03-18_13-21-16
2026-03-18_13-24-56,---,draft.go:2026-03-18_13-21-16
2026-03-23_10-37-42,100,draft.go:2026-03-18_13-21-16
2026-03-23_10-37-44,100,draft.go:2026-03-18_13-21-16
2026-03-23_10-37-45,100,draft.go:2026-03-18_13-21-16
2026-03-23_10-37-45,100,draft.go:2026-03-18_13-21-16
2026-03-23_10-37-46,100,draft.go:2026-03-18_13-21-16
2026-03-23_10-37-46,100,draft.go:2026-03-18_13-21-16
2026-03-23_10-37-46,100,draft.go:2026-03-18_13-21-16
2026-03-23_10-37-47,100,draft.go:2026-03-18_13-21-16
2026-03-23_10-37-47,100,draft.go:2026-03-18_13-21-16
2026-03-23_10-37-47,100,draft.go:2026-03-18_13-21-16
2026-03-23_10-37-48,100,draft.go:2026-03-18_13-21-16
2026-03-23_10-38-03,100,draft.go:2026-03-18_13-21-16
2026-03-23_10-38-05,100,draft.go:2026-03-18_13-21-16
