2026-04-06_16-10-28,0,draft.go:2026-04-06_16-10-28
2026-04-06_16-10-39,0,draft.go:2026-04-06_16-10-39
2026-04-06_16-10-54,---,draft.go:2026-04-06_16-10-54
2026-04-06_16-11-26,0,draft.go:2026-04-06_16-10-54
2026-04-06_16-12-29,0,draft.go:2026-04-06_16-12-29
2026-04-06_16-13-36,0,draft.go:2026-04-06_16-13-36
2026-04-06_16-14-27,0,draft.go:2026-04-06_16-14-27
2026-04-06_16-16-40,0,draft.go:2026-04-06_16-16-40
2026-04-06_16-18-17,0,draft.go:2026-04-06_16-18-17
2026-04-06_16-18-19,0,draft.go:2026-04-06_16-18-17
2026-04-06_16-18-19,0,draft.go:2026-04-06_16-18-17
2026-04-06_16-18-37,0,draft.go:2026-04-06_16-18-37
2026-04-06_16-19-23,0,draft.go:2026-04-06_16-19-23
2026-04-06_18-24-11,88,draft.go:2026-04-06_18-24-11
2026-04-06_18-25-03,100,draft.go:2026-04-06_18-25-03
