2026-03-31_16-43-16,0,draft.go:2026-03-31_16-43-16
2026-03-31_16-44-23,0,draft.go:2026-03-31_16-44-23
2026-03-31_16-45-06,100,draft.go:2026-03-31_16-45-06
2026-03-31_16-45-11,100,draft.go:2026-03-31_16-45-06
2026-03-31_16-45-12,100,draft.go:2026-03-31_16-45-06
2026-03-31_16-45-13,100,draft.go:2026-03-31_16-45-06
2026-03-31_16-45-13,100,draft.go:2026-03-31_16-45-06
2026-03-31_16-45-14,100,draft.go:2026-03-31_16-45-06
2026-03-31_16-45-15,100,draft.go:2026-03-31_16-45-06
2026-03-31_16-45-15,100,draft.go:2026-03-31_16-45-06
2026-03-31_16-45-15,100,draft.go:2026-03-31_16-45-06
2026-03-31_16-45-15,100,draft.go:2026-03-31_16-45-06
2026-03-31_16-45-16,100,draft.go:2026-03-31_16-45-06
2026-03-31_16-45-16,100,draft.go:2026-03-31_16-45-06
2026-03-31_16-45-16,100,draft.go:2026-03-31_16-45-06
2026-03-31_16-45-17,100,draft.go:2026-03-31_16-45-06
2026-03-31_16-45-17,100,draft.go:2026-03-31_16-45-06
2026-03-31_16-45-17,100,draft.go:2026-03-31_16-45-06
2026-03-31_16-45-17,100,draft.go:2026-03-31_16-45-06
2026-03-31_16-45-18,100,draft.go:2026-03-31_16-45-06
2026-03-31_16-45-18,100,draft.go:2026-03-31_16-45-06
2026-03-31_16-45-18,100,draft.go:2026-03-31_16-45-06
2026-03-31_17-06-51,100,draft.go:2026-03-31_16-45-06
