2026-04-18_00-07-47,0,draft.go:2026-04-18_00-07-47
2026-04-18_00-07-57,0,draft.go:2026-04-18_00-07-57
2026-04-18_00-08-15,0,draft.go:2026-04-18_00-08-15
2026-04-18_00-08-48,0,draft.go:2026-04-18_00-08-48
2026-04-18_00-09-20,0,draft.go:2026-04-18_00-09-20
2026-04-18_00-09-55,0,draft.go:2026-04-18_00-09-55
2026-04-18_00-10-01,0,draft.go:2026-04-18_00-09-55
2026-04-18_00-12-10,100,draft.go:2026-04-18_00-12-10
2026-04-18_00-15-25,0,draft.go:2026-04-18_00-15-25
2026-04-18_00-15-41,100,draft.go:2026-04-18_00-15-41
2026-04-18_00-15-47,0,draft.go:2026-04-18_00-15-47
2026-04-18_00-15-54,100,draft.go:2026-04-18_00-15-54
2026-04-18_00-20-16,100,draft.go:2026-04-18_00-20-16
2026-04-18_00-35-15,100,draft.go:2026-04-18_00-20-16
