2026-04-12_17-15-00,0,draft.go:2026-04-12_17-15-00
2026-04-12_17-15-23,---,draft.go:2026-04-12_17-15-00
2026-04-12_17-36-21,---,draft.go:2026-04-12_17-36-21
2026-04-12_17-36-37,---,draft.go:2026-04-12_17-36-21
2026-04-12_17-37-18,---,draft.go:2026-04-12_17-37-18
2026-04-12_17-48-40,---,draft.go:2026-04-12_17-48-40
2026-04-12_17-53-26,---,draft.go:2026-04-12_17-53-26
2026-04-12_17-57-45,---,draft.go:2026-04-12_17-57-45
2026-04-12_18-08-04,---,draft.go:2026-04-12_18-08-04
2026-04-13_12-20-00,0,draft.go:2026-04-13_12-20-00
2026-04-13_12-20-03,---,draft.go:2026-04-13_12-20-00
2026-04-13_12-26-07,---,draft.go:2026-04-13_12-26-07
2026-04-13_12-28-00,---,draft.go:2026-04-13_12-28-00
2026-04-13_12-29-09,---,draft.go:2026-04-13_12-29-09
2026-04-13_12-30-48,---,draft.go:2026-04-13_12-30-48
2026-04-13_12-44-59,---,draft.go:2026-04-13_12-44-59
2026-04-13_12-46-28,---,draft.go:2026-04-13_12-46-28
2026-04-13_13-10-16,---,draft.go:2026-04-13_13-10-16
2026-04-13_15-06-16,---,draft.go:2026-04-13_13-10-16
