2026-03-23_11-23-47,0,draft.go:2026-03-23_11-23-47
2026-03-23_11-23-57,0,draft.go:2026-03-23_11-23-47
2026-03-23_11-24-00,---,draft.go:2026-03-23_11-23-47
2026-03-23_16-56-32,0,draft.go:2026-03-23_16-56-32
2026-03-23_17-18-26,0,draft.go:2026-03-23_17-18-26
2026-03-23_17-20-47,0,draft.go:2026-03-23_17-20-47
2026-03-23_17-23-22,0,draft.go:2026-03-23_17-23-22
2026-03-23_17-23-24,0,draft.go:2026-03-23_17-23-22
2026-03-23_17-24-12,0,draft.go:2026-03-23_17-24-12
2026-03-23_17-24-13,0,draft.go:2026-03-23_17-24-12
2026-03-23_17-26-20,0,draft.go:2026-03-23_17-26-20
2026-03-23_17-26-22,0,draft.go:2026-03-23_17-26-20
2026-03-23_17-26-23,0,draft.go:2026-03-23_17-26-20
2026-03-23_17-26-24,0,draft.go:2026-03-23_17-26-20
2026-03-23_17-27-00,42,draft.go:2026-03-23_17-27-00
2026-03-23_17-30-37,0,draft.go:2026-03-23_17-30-37
2026-03-23_17-31-56,0,draft.go:2026-03-23_17-31-56
2026-03-23_17-32-28,0,draft.go:2026-03-23_17-32-28
2026-03-23_17-32-44,0,draft.go:2026-03-23_17-32-44
2026-03-23_17-33-15,100,draft.go:2026-03-23_17-33-15
