2026-04-14_16-53-38,0,draft.go:2026-04-14_16-53-38
2026-04-14_16-57-21,0,draft.go:2026-04-14_16-57-21
2026-04-14_16-57-49,0,draft.go:2026-04-14_16-57-21
2026-04-14_16-59-01,0,draft.go:2026-04-14_16-59-01
2026-04-14_16-59-05,0,draft.go:2026-04-14_16-59-01
2026-04-14_17-00-28,0,draft.go:2026-04-14_17-00-28
2026-04-14_17-00-55,0,draft.go:2026-04-14_17-00-55
2026-04-14_17-01-18,---,draft.go:2026-04-14_17-01-18
2026-04-14_17-08-50,---,draft.go:2026-04-14_17-08-50
2026-04-14_17-09-05,0,draft.go:2026-04-14_17-08-50
2026-04-14_17-09-21,0,draft.go:2026-04-14_17-09-21
2026-04-14_17-10-31,0,draft.go:2026-04-14_17-10-31
2026-04-14_17-10-32,0,draft.go:2026-04-14_17-10-31
2026-04-14_17-12-45,0,draft.go:2026-04-14_17-12-45
2026-04-14_17-15-43,0,draft.go:2026-04-14_17-15-43
2026-04-14_17-16-02,0,draft.go:2026-04-14_17-16-02
2026-04-14_17-20-27,0,draft.go:2026-04-14_17-20-27
2026-04-14_17-23-51,0,draft.go:2026-04-14_17-23-51
