2026-05-18_18-14-41,0,draft.go:2026-05-18_18-14-41
2026-05-18_18-18-39,0,draft.go:2026-05-18_18-18-39
2026-05-18_18-21-49,0,draft.go:2026-05-18_18-21-49
2026-05-18_18-28-01,0,draft.go:2026-05-18_18-21-49
2026-05-19_17-03-44,0,draft.go:2026-05-18_18-21-49
2026-05-19_17-11-21,0,draft.go:2026-05-19_17-11-21
2026-05-19_17-13-56,0,draft.go:2026-05-19_17-13-56
2026-05-19_17-14-12,0,draft.go:2026-05-19_17-14-12
2026-05-19_17-15-04,0,draft.go:2026-05-19_17-15-04
2026-05-19_17-16-25,0,draft.go:2026-05-19_17-16-25
2026-05-19_17-16-35,0,draft.go:2026-05-19_17-16-35
2026-05-19_17-17-37,---,draft.go:2026-05-19_17-17-37
2026-05-19_17-21-42,0,draft.go:2026-05-19_17-21-42
2026-05-19_17-22-07,0,draft.go:2026-05-19_17-22-07
2026-05-19_17-23-23,100,draft.go:2026-05-19_17-23-23
