2026-05-19_17-27-35,0,draft.go:2026-05-19_17-27-35
2026-05-19_17-45-07,0,draft.go:2026-05-19_17-45-07
2026-05-19_18-09-04,0,draft.go:2026-05-19_18-09-04
2026-05-19_18-09-11,0,draft.go:2026-05-19_18-09-04
2026-05-19_18-10-14,0,draft.go:2026-05-19_18-10-14
2026-05-19_18-10-16,0,draft.go:2026-05-19_18-10-14
2026-05-19_18-10-18,0,draft.go:2026-05-19_18-10-14
2026-05-19_18-10-20,0,draft.go:2026-05-19_18-10-14
2026-05-19_18-10-22,0,draft.go:2026-05-19_18-10-14
2026-05-19_18-10-25,0,draft.go:2026-05-19_18-10-14
2026-05-19_18-10-25,---,draft.go:2026-05-19_18-10-14
2026-05-19_18-10-33,---,draft.go:2026-05-19_18-10-14
2026-05-19_18-11-33,---,draft.go:2026-05-19_18-10-14
2026-05-19_18-13-27,0,draft.go:2026-05-19_18-13-27
2026-05-19_18-18-55,50,draft.go:2026-05-19_18-18-55
2026-05-19_18-21-24,100,draft.go:2026-05-19_18-21-24
