2026-04-18_00-35-23,0,draft.go:2026-04-18_00-35-23
2026-04-18_00-35-37,0,draft.go:2026-04-18_00-35-37
2026-04-18_00-41-06,0,draft.go:2026-04-18_00-41-06
2026-04-18_00-41-12,0,draft.go:2026-04-18_00-41-12
2026-04-18_00-41-22,0,draft.go:2026-04-18_00-41-22
2026-04-22_12-57-24,0,draft.go:2026-04-22_12-57-24
2026-04-22_13-01-48,0,draft.go:2026-04-22_13-01-48
2026-04-22_13-01-49,0,draft.go:2026-04-22_13-01-48
2026-04-22_13-02-08,0,draft.go:2026-04-22_13-02-08
2026-04-22_13-16-01,0,draft.go:2026-04-22_13-16-01
2026-04-22_13-19-57,0,draft.go:2026-04-22_13-19-57
2026-04-22_13-20-19,0,draft.go:2026-04-22_13-20-19
2026-04-22_13-20-53,0,draft.go:2026-04-22_13-20-53
2026-04-22_13-21-45,0,draft.go:2026-04-22_13-21-45
2026-04-22_13-22-05,0,draft.go:2026-04-22_13-22-05
2026-04-22_13-22-12,0,draft.go:2026-04-22_13-22-12
2026-04-22_13-22-25,100,draft.go:2026-04-22_13-22-25
2026-04-23_11-48-07,100,draft.go:2026-04-22_13-22-25
2026-04-27_17-08-12,100,draft.go:2026-04-22_13-22-25
