2026-03-17_17-20-46,0,draft.go:2026-03-17_17-20-46
2026-03-17_17-33-02,0,draft.go:2026-03-17_17-33-02
2026-03-17_17-55-54,0,draft.go:2026-03-17_17-55-54
2026-03-17_18-02-49,0,draft.go:2026-03-17_18-02-49
2026-03-17_18-17-47,---,draft.go:2026-03-17_18-17-47
2026-03-17_18-17-58,100,draft.go:2026-03-17_18-17-47
2026-03-18_13-04-44,100,draft.go:2026-03-18_13-04-44
2026-03-18_13-04-47,100,draft.go:2026-03-18_13-04-44
2026-03-18_13-04-50,100,draft.go:2026-03-18_13-04-44
2026-03-18_13-04-56,100,draft.go:2026-03-18_13-04-44
2026-03-18_13-05-22,100,draft.go:2026-03-18_13-04-44
2026-03-18_13-05-58,100,draft.go:2026-03-18_13-05-58
